Taxa,Genus,ClassName,ClassAlias
Meloreira cf distans,Meloreira,Bacillariophyta,Diatoms
Melosira distans var2,Melosira,Bacillariophyta,Diatoms
Melosira granulata,Melosira,Bacillariophyta,Diatoms
Tryblionella cf debilis,Tryblionella,"Bacillariophyta, Chlorophyta","Diatoms, Coccoid Greens, Desmids, etc."
Aulomonas purdyi,Aulomonas,"Bacillariophyta, Chrysophyta","Diatoms, flagellates"
Chrysospharella longispina,Chrysospharella,"Bacillariophyta, Chrysophyta","Diatoms, flagellates"
Achnanthes cf exiqua,Achnanthes,Bacillariophyte,Diatoms
Achnanthes minutissima,Achnanthes,Bacillariophyte,Diatoms
Achnanthes sp,Achnanthes,Bacillariophyte,Diatoms
Achnanthes sp 1,Achnanthes,Bacillariophyte,Diatoms
Achnanthes sp 2,Achnanthes,Bacillariophyte,Diatoms
Achnanthes sp girdle view,Achnanthes,Bacillariophyte,Diatoms
Achnanthes sp2,Achnanthes,Bacillariophyte,Diatoms
Achnanthidium sp,Achnanthidium,Bacillariophyte,Diatoms
Amphora,Amphora,Bacillariophyte,Diatoms
Amphora (small),Amphora,Bacillariophyte,Diatoms
Amphora inariensis,Amphora,Bacillariophyte,Diatoms
Amphora sp,Amphora,Bacillariophyte,Diatoms
Asterionella formosa,Asterionella,Bacillariophyte,Diatoms
Asterionella formosa var1,Asterionella,Bacillariophyte,Diatoms
Aulacoseira granulata,Aulacoseira,Bacillariophyte,Diatoms
Aulacoseira italica,Aulacoseira,Bacillariophyte,Diatoms
Aulacoseira sp 1,Aulacoseira,Bacillariophyte,Diatoms
Aulacoseira sp 2,Aulacoseira,Bacillariophyte,Diatoms
Aulicoseira distans,Aulicoseira,Bacillariophyte,Diatoms
Aulicoseira distans var2,Aulicoseira,Bacillariophyte,Diatoms
Aulicoseira italica,Aulicoseira,Bacillariophyte,Diatoms
Aulicoseira italica var1,Aulicoseira,Bacillariophyte,Diatoms
Ceratoneis sp,Ceratoneis,Bacillariophyte,Diatoms
Cocconeis placentula,Cocconeis,Bacillariophyte,Diatoms
Cocconeis sp,Cocconeis,Bacillariophyte,Diatoms
Cyclo/Stephano sp,Cyclo/Stephano,Bacillariophyte,Diatoms
Cyclo/Stephano sp 2,Cyclo/Stephano,Bacillariophyte,Diatoms
Cyclo/Stephano sp 3,Cyclo/Stephano,Bacillariophyte,Diatoms
Cyclo/Stephano sp 4,Cyclo/Stephano,Bacillariophyte,Diatoms
Cyclotella bodanica,Cyclotella,Bacillariophyte,Diatoms
Cyclotella comensis,Cyclotella,Bacillariophyte,Diatoms
Cyclotella comta,Cyclotella,Bacillariophyte,Diatoms
Cyclotella comta var2,Cyclotella,Bacillariophyte,Diatoms
Cyclotella glomerata,Cyclotella,Bacillariophyte,Diatoms
Cyclotella meneghiniana,Cyclotella,Bacillariophyte,Diatoms
Cyclotella ocelata,Cyclotella,Bacillariophyte,Diatoms
Cyclotella sp,Cyclotella,Bacillariophyte,Diatoms
Cyclotella sp 1,Cyclotella,Bacillariophyte,Diatoms
Cyclotella sp 2,Cyclotella,Bacillariophyte,Diatoms
Cyclotella sp 3,Cyclotella,Bacillariophyte,Diatoms
Cyclotella sp 4,Cyclotella,Bacillariophyte,Diatoms
Cyclotella sp 7,Cyclotella,Bacillariophyte,Diatoms
Cyclotella sp3,Cyclotella,Bacillariophyte,Diatoms
Cyclotella stelligera,Cyclotella,Bacillariophyte,Diatoms
Cyclotella stelligera var3,Cyclotella,Bacillariophyte,Diatoms
Cymbella cf silesiaca,Cymbella,Bacillariophyte,Diatoms
Cymbella minuta,Cymbella,Bacillariophyte,Diatoms
Cymbella parva,Cymbella,Bacillariophyte,Diatoms
Cymbella sp,Cymbella,Bacillariophyte,Diatoms
Cymbella sp (large),Cymbella,Bacillariophyte,Diatoms
Cymbella sp (medium),Cymbella,Bacillariophyte,Diatoms
Cymbella sp (small),Cymbella,Bacillariophyte,Diatoms
Cymbella sp1,Cymbella,Bacillariophyte,Diatoms
Cymbella sp2,Cymbella,Bacillariophyte,Diatoms
Denticula sp,Denticula,Bacillariophyte,Diatoms
Diatoma elongatum,Diatoma,Bacillariophyte,Diatoms
Diatoma hiemale,Diatoma,Bacillariophyte,Diatoms
Diatoma moniliformis,Diatoma,Bacillariophyte,Diatoms
Diatoma sp,Diatoma,Bacillariophyte,Diatoms
Diatoma tenuis,Diatoma,Bacillariophyte,Diatoms
Diatoma tenuis var elongata,Diatoma,Bacillariophyte,Diatoms
Diatoma vulgare,Diatoma,Bacillariophyte,Diatoms
Diatoma vulgaris,Diatoma,Bacillariophyte,Diatoms
Epithemia sp,Epithemia,Bacillariophyte,Diatoms
Eunotia sp,Eunotia,Bacillariophyte,Diatoms
Eunotia sp (medium),Eunotia,Bacillariophyte,Diatoms
Eunotia sp (small),Eunotia,Bacillariophyte,Diatoms
Eunotia sp 1,Eunotia,Bacillariophyte,Diatoms
Fragilaria acus,Fragilaria,Bacillariophyte,Diatoms
Fragilaria acus var1,Fragilaria,Bacillariophyte,Diatoms
Fragilaria acus var2,Fragilaria,Bacillariophyte,Diatoms
Fragilaria angustissima,Fragilaria,Bacillariophyte,Diatoms
Fragilaria capucina,Fragilaria,Bacillariophyte,Diatoms
Fragilaria construens,Fragilaria,Bacillariophyte,Diatoms
Fragilaria construens var 1,Fragilaria,Bacillariophyte,Diatoms
Fragilaria construens var2,Fragilaria,Bacillariophyte,Diatoms
Fragilaria construens var3,Fragilaria,Bacillariophyte,Diatoms
Fragilaria crotonensis,Fragilaria,Bacillariophyte,Diatoms
Fragilaria sp,Fragilaria,Bacillariophyte,Diatoms
Fragilaria sp 1,Fragilaria,Bacillariophyte,Diatoms
Fragilaria sp 2,Fragilaria,Bacillariophyte,Diatoms
Fragilaria ulna,Fragilaria,Bacillariophyte,Diatoms
Fragillaria construens var2,Fragillaria,Bacillariophyte,Diatoms
Fragillaria construens var3,Fragillaria,Bacillariophyte,Diatoms
Frustulia,Frustulia,Bacillariophyte,Diatoms
Gomphonema sp,Gomphonema,Bacillariophyte,Diatoms
Gomphonema sp (medium),Gomphonema,Bacillariophyte,Diatoms
Gomphonema sp (small),Gomphonema,Bacillariophyte,Diatoms
Gomphonema sp 1,Gomphonema,Bacillariophyte,Diatoms
Hannaea arcus,Hannaea,Bacillariophyte,Diatoms
Hannea arcus,Hannea,Bacillariophyte,Diatoms
Hannea Arcus,Hannea,Bacillariophyte,Diatoms
Kirchneriella contorta,Kirchneriella,Bacillariophyte,Diatoms
Kirchneriella sp,Kirchneriella,Bacillariophyte,Diatoms
Navicula radiosa,Navicula,Bacillariophyte,Diatoms
Navicula sp,Navicula,Bacillariophyte,Diatoms
Navicula sp (medium),Navicula,Bacillariophyte,Diatoms
Navicula sp (small),Navicula,Bacillariophyte,Diatoms
Neidium,Neidium,Bacillariophyte,Diatoms
Nitzschia cf acicularis,Nitzschia,Bacillariophyte,Diatoms
Nitzschia linearis,Nitzschia,Bacillariophyte,Diatoms
Nitzschia palea,Nitzschia,Bacillariophyte,Diatoms
Nitzschia sp,Nitzschia,Bacillariophyte,Diatoms
Nitzschia sp (medium),Nitzschia,Bacillariophyte,Diatoms
Nitzschia sp (small),Nitzschia,Bacillariophyte,Diatoms
Nitzschia sp 1,Nitzschia,Bacillariophyte,Diatoms
Nitzschia sp 2,Nitzschia,Bacillariophyte,Diatoms
Nitzschia sp 3,Nitzschia,Bacillariophyte,Diatoms
Nitzschia sp girdle view,Nitzschia,Bacillariophyte,Diatoms
Pinnularia sp,Pinnularia,Bacillariophyte,Diatoms
Pinnularia sp (medium),Pinnularia,Bacillariophyte,Diatoms
Pleurosigma sp,Pleurosigma,Bacillariophyte,Diatoms
Rhizololenia eriensis,Rhizololenia,Bacillariophyte,Diatoms
Rhizoselenium eriensis,Rhizoselenium,Bacillariophyte,Diatoms
Rhizosolenia sp,Rhizosolenia,Bacillariophyte,Diatoms
Stephanodiscus cf niagare,Stephanodiscus,Bacillariophyte,Diatoms
Stephanodiscus hantzschia,Stephanodiscus,Bacillariophyte,Diatoms
Stephanodiscus minutulus,Stephanodiscus,Bacillariophyte,Diatoms
Stephanodiscus sp,Stephanodiscus,Bacillariophyte,Diatoms
Stephanodiscus sp (large),Stephanodiscus,Bacillariophyte,Diatoms
Stephanodiscus sp (small),Stephanodiscus,Bacillariophyte,Diatoms
Suriella,Suriella,Bacillariophyte,Diatoms
Synedra acus,Synedra,Bacillariophyte,Diatoms
Synedra acus var angustissima,Synedra,Bacillariophyte,Diatoms
Synedra acus var1,Synedra,Bacillariophyte,Diatoms
Synedra acus var2,Synedra,Bacillariophyte,Diatoms
Synedra cf cyclopus,Synedra,Bacillariophyte,Diatoms
Synedra nana,Synedra,Bacillariophyte,Diatoms
Synedra rumpens,Synedra,Bacillariophyte,Diatoms
Synedra sp,Synedra,Bacillariophyte,Diatoms
Synedra sp 1,Synedra,Bacillariophyte,Diatoms
Synedra sp 2,Synedra,Bacillariophyte,Diatoms
Synedra sp 3,Synedra,Bacillariophyte,Diatoms
Synedra sp 4,Synedra,Bacillariophyte,Diatoms
"Synedra sp 4, colonial",Synedra,Bacillariophyte,Diatoms
Synedra sp 5,Synedra,Bacillariophyte,Diatoms
Synedra sp 6,Synedra,Bacillariophyte,Diatoms
Synedra sp 7,Synedra,Bacillariophyte,Diatoms
Synedra ulna,Synedra,Bacillariophyte,Diatoms
Synedra ulna var,Synedra,Bacillariophyte,Diatoms
Tabellaira fenestrata,Tabellaira,Bacillariophyte,Diatoms
Tabellaira flocculosa,Tabellaira,Bacillariophyte,Diatoms
Tabellaria fenestrata,Tabellaria,Bacillariophyte,Diatoms
Tabellaria flocculosa,Tabellaria,Bacillariophyte,Diatoms
Tabellaria sp 1,Tabellaria,Bacillariophyte,Diatoms
Tabellaria sp 2,Tabellaria,Bacillariophyte,Diatoms
unknown diatom (curved),NA,Bacillariophyte,Diatoms
unknown diatom sp,NA,Bacillariophyte,Diatoms
unknown diatom sp girdle view,NA,Bacillariophyte,Diatoms
Tetrahaedron sp,Tetrahaedron,Chlorophyceae,"coccoid, desmids, etc."
Xanthidium armatum,Xanthidium,Chlorophyceae,"coccoid, desmids, etc."
cf Chaetosphaeridium globosum,Chaetosphaeridium globosum,Chlorophyta,"Coccoid Greens, Desmids, etc."
Eudorina elegans,Eudorina,Chlorophyta,"Coccoid Greens, Desmids, etc."
Gloeocystis polydermatica,Gloeocystis,Chlorophyta,"Coccoid Greens, Desmids, etc."
Quadrigula sp,Quadrigula,Chlorophyta,"Coccoid Greens, Desmids, etc."
Radiococcus sp,Radiococcus,Chlorophyta,"Coccoid Greens, Desmids, etc."
Treubaria setigera,Treubaria,Chlorophyta,"Coccoid Greens, Desmids, etc."
unknown cigar cell,NA,"Chlorophyta, Chrysophyta, Cyanobacteria, Bacillariophyta",NA
Chrysophyte sp 7,Chrysophyte,chlorophyte,"Coccoid Greens, Desmids, etc."
"Chrysophyte, loricated","Chrysophyte,",chlorophyte,"Coccoid Greens, Desmids, etc."
Elakotothrix sp 1,Elakotothrix,chlorophyte,"Coccoid Greens, Desmids, etc."
Elakotothrix sp 2,Elakotothrix,chlorophyte,"Coccoid Greens, Desmids, etc."
unknown colonial Chlorophyte,"Chlorophyte,",chlorophyte,"Coccoid Greens, Desmids, etc."
unknown heart-shaped Chrysophyte,"Chlorophyte,",chlorophyte,"coccoid Greens, Desmids, etc."
unknown single Chlorophyte cell,"Chlorophyte,",chlorophyte,"coccoid Greens, Desmids, etc."
Unkown Chlorophyta sp,"Chlorophyte,",chlorophyte,"coccoid Greens, Desmids, etc."
Actinastrum hantschii,Actinastrum,Chlorophyte,"Coccoid Greens, Desmids, etc."
Actinastrum hantzschii,Actinastrum,Chlorophyte,"Coccoid Greens, Desmids, etc."
Andyra judai,Andyra,Chlorophyte,"Coccoid Greens, Desmids, etc."
Ankistrodesmus cf falcatus var 1,Ankistrodesmus,Chlorophyte,"Coccoid Greens, Desmids, etc."
Ankistrodesmus falcatus,Ankistrodesmus,Chlorophyte,"Coccoid Greens, Desmids, etc."
Ankistrodesmus sp,Ankistrodesmus,Chlorophyte,"Coccoid Greens, Desmids, etc."
Ankistrodesmus sp3,Ankistrodesmus,Chlorophyte,"Coccoid Greens, Desmids, etc."
Ankyra,Ankyra,Chlorophyte,"Coccoid Greens, Desmids, etc."
Ankyra judayii,Ankyra,Chlorophyte,"Coccoid Greens, Desmids, etc."
Botryococcus,Botryococcus,Chlorophyte,"Coccoid Greens, Desmids, etc."
Botryococcus sp,Botryococcus,Chlorophyte,"Coccoid Greens, Desmids, etc."
Botyococcus,Botyococcus,Chlorophyte,"coccoid Greens, Desmids, etc."
Carteria sp,Carteria,Chlorophyte,"Coccoid Greens, Desmids, etc."
Carteria sp 1,Carteria,Chlorophyte,"Coccoid Greens, Desmids, etc."
Carteria sp 2,Carteria,Chlorophyte,"Coccoid Greens, Desmids, etc."
Cateria sp,Cateria,Chlorophyte,"Coccoid Greens, Desmids, etc."
Chlamydomonas,Chlamydomonas,Chlorophyte,"Coccoid Greens, Desmids, etc."
Chlamydomonas globosa,Chlamydomonas,Chlorophyte,"Coccoid Greens, Desmids, etc."
Chlamydomonas sp,Chlamydomonas,Chlorophyte,"Coccoid Greens, Desmids, etc."
Chlamydomonas sp 1,Chlamydomonas,Chlorophyte,"Coccoid Greens, Desmids, etc."
Chlamydomonas sp 2,Chlamydomonas,Chlorophyte,"Coccoid Greens, Desmids, etc."
Chlamydomonas sp 3,Chlamydomonas,Chlorophyte,"Coccoid Greens, Desmids, etc."
Chlamydomonas sp4,Chlamydomonas,Chlorophyte,"Coccoid Greens, Desmids, etc."
Chlamydomonas sp5,Chlamydomonas,Chlorophyte,"Coccoid Greens, Desmids, etc."
Chlamydomonas sp6,Chlamydomonas,Chlorophyte,"Coccoid Greens, Desmids, etc."
Chlamydomonas sp7,Chlamydomonas,Chlorophyte,"Coccoid Greens, Desmids, etc."
Chlorella,Chlorella,Chlorophyte,"Coccoid Greens, Desmids, etc."
"Chlorophyte, colonial","Chlorophyte,",Chlorophyte,"Coccoid Greens, Desmids, etc."
"Chlorophyte, unknown","Chlorophyte,",Chlorophyte,"Coccoid Greens, Desmids, etc."
"Chlorophyte, unknown, colonial, possibly Tetraspora lemmermannii","Chlorophyte,",Chlorophyte,"Coccoid Greens, Desmids, etc."
Chodatella spp,Chodatella,Chlorophyte,"Coccoid Greens, Desmids, etc."
Clamydocapsa sp,Clamydocapsa,Chlorophyte,"Coccoid Greens, Desmids, etc."
Closteriopsis,Closteriopsis,Chlorophyte,"Coccoid Greens, Desmids, etc."
Closterium,Closterium,Chlorophyte,"Coccoid Greens, Desmids, etc."
Closterium sp,Closterium,Chlorophyte,"Coccoid Greens, Desmids, etc."
Coccomyxa sp,Coccomyxa,Chlorophyte,"Coccoid Greens, Desmids, etc."
Coelastrum sp,Coelastrum,Chlorophyte,"Coccoid Greens, Desmids, etc."
Coelastrum sp (cells),Coelastrum,Chlorophyte,"Coccoid Greens, Desmids, etc."
Cosmarium sp,Cosmarium,Chlorophyte,"Coccoid Greens, Desmids, etc."
Cosmarium sp 1,Cosmarium,Chlorophyte,"Coccoid Greens, Desmids, etc."
Cosmarium sp 2,Cosmarium,Chlorophyte,"Coccoid Greens, Desmids, etc."
Cosmarium sp 3,Cosmarium,Chlorophyte,"Coccoid Greens, Desmids, etc."
Crucigenia sp,Crucigenia,Chlorophyte,"Coccoid Greens, Desmids, etc."
"Cryptophyte sp, similar to Kathablepharis sp",Cryptophyte,Chlorophyte,"Coccoid Greens, Desmids, etc."
Dichtyosphaerium,Dichtyosphaerium,Chlorophyte,"Coccoid Greens, Desmids, etc."
Dictyosphaerium (cells),Dictyosphaerium,Chlorophyte,"Coccoid Greens, Desmids, etc."
Dictyosphaerium sp,Dictyosphaerium,Chlorophyte,"Coccoid Greens, Desmids, etc."
Dismorphococcuss,Dismorphococcuss,Chlorophyte,"Coccoid Greens, Desmids, etc."
Elakatothrix gelatinosa,Elakatothrix,Chlorophyte,"Coccoid Greens, Desmids, etc."
Elakatothrix sp,Elakatothrix,Chlorophyte,"Coccoid Greens, Desmids, etc."
Elakatothrix sp3,Elakatothrix,Chlorophyte,"Coccoid Greens, Desmids, etc."
epiphytic Chrysophyte sp 1,epiphytic,Chlorophyte,"Coccoid Greens, Desmids, etc."
epiphytic Chrysophyte sp 2,epiphytic,Chlorophyte,"Coccoid Greens, Desmids, etc."
epiphytic Chrysophyte sp 3,epiphytic,Chlorophyte,"Coccoid Greens, Desmids, etc."
Euglena,Euglena,Chlorophyte,"Coccoid Greens, Desmids, etc."
Euglena sp,Euglena,Chlorophyte,"Coccoid Greens, Desmids, etc."
Euglena sp 1,Euglena,Chlorophyte,"Coccoid Greens, Desmids, etc."
Euglena sp 2,Euglena,Chlorophyte,"Coccoid Greens, Desmids, etc."
Gleotila sp,Gleotila,Chlorophyte,"Coccoid Greens, Desmids, etc."
Golenkinia radiata,Golenkinia,Chlorophyte,"Coccoid Greens, Desmids, etc."
Golenkinia sp,Golenkinia,Chlorophyte,"Coccoid Greens, Desmids, etc."
Hemitoma meandrocystis,Hemitoma,Chlorophyte,"Coccoid Greens, Desmids, etc."
Hemitoma sp,Hemitoma,Chlorophyte,"Coccoid Greens, Desmids, etc."
Koliella sp,Koliella,Chlorophyte,"Coccoid Greens, Desmids, etc."
Langerheimia,Langerheimia,Chlorophyte,"Coccoid Greens, Desmids, etc."
Lepocinclis sp,Lepocinclis,Chlorophyte,"Coccoid Greens, Desmids, etc."
Micractinium pusillum,Micractinium,Chlorophyte,"Coccoid Greens, Desmids, etc."
Micrasterias,Micrasterias,Chlorophyte,"Coccoid Greens, Desmids, etc."
Monas sp,Monas,Chlorophyte,"Coccoid Greens, Desmids, etc."
Monomastix sp,Monomastix,Chlorophyte,"Coccoid Greens, Desmids, etc."
Monoraphidium,Monoraphidium,Chlorophyte,"Coccoid Greens, Desmids, etc."
Monorhaphidium arcuatum,Monorhaphidium,Chlorophyte,"Coccoid Greens, Desmids, etc."
Monorhaphidium cf griffithii,Monorhaphidium,Chlorophyte,"Coccoid Greens, Desmids, etc."
Monorhaphidium minutum,Monorhaphidium,Chlorophyte,"Coccoid Greens, Desmids, etc."
Monorhaphidium sp,Monorhaphidium,Chlorophyte,"Coccoid Greens, Desmids, etc."
Monorhaphidium sp 1,Monorhaphidium,Chlorophyte,"Coccoid Greens, Desmids, etc."
Mougeotia,Mougeotia,Chlorophyte,"Coccoid Greens, Desmids, etc."
Mougeotia sp,Mougeotia,Chlorophyte,"Coccoid Greens, Desmids, etc."
Nephrocytium,Nephrocytium,Chlorophyte,"Coccoid Greens, Desmids, etc."
Nephrocytium sp,Nephrocytium,Chlorophyte,"Coccoid Greens, Desmids, etc."
Nephroselmis,Nephroselmis,Chlorophyte,"Coccoid Greens, Desmids, etc."
Oocystis marsonii,Oocystis,Chlorophyte,"Coccoid Greens, Desmids, etc."
Oocystis solitaria,Oocystis,Chlorophyte,"Coccoid Greens, Desmids, etc."
Oocystis sp,Oocystis,Chlorophyte,"Coccoid Greens, Desmids, etc."
Oocystis sp (cells),Oocystis,Chlorophyte,"Coccoid Greens, Desmids, etc."
Oocystis sp 1,Oocystis,Chlorophyte,"Coccoid Greens, Desmids, etc."
Oocystis sp 2,Oocystis,Chlorophyte,"Coccoid Greens, Desmids, etc."
Oocystis sp 3,Oocystis,Chlorophyte,"Coccoid Greens, Desmids, etc."
Oocystis sp 4,Oocystis,Chlorophyte,"Coccoid Greens, Desmids, etc."
Oocystis sp 5,Oocystis,Chlorophyte,"Coccoid Greens, Desmids, etc."
Pandorina sp,Pandorina,Chlorophyte,"Coccoid Greens, Desmids, etc."
Paramastix,Paramastix,Chlorophyte,"Coccoid Greens, Desmids, etc."
Pediastrum sp,Pediastrum,Chlorophyte,"Coccoid Greens, Desmids, etc."
Pediastrum sp 2,Pediastrum,Chlorophyte,"Coccoid Greens, Desmids, etc."
Phacus,Phacus,Chlorophyte,"Coccoid Greens, Desmids, etc."
Phacus (medium),Phacus,Chlorophyte,"Coccoid Greens, Desmids, etc."
Phacus (small),Phacus,Chlorophyte,"Coccoid Greens, Desmids, etc."
Phormidium sp 12,Phormidium,Chlorophyte,"Coccoid Greens, Desmids, etc."
Planctonema sp,Planctonema,Chlorophyte,"Coccoid Greens, Desmids, etc."
Planctosphaeria,Planctosphaeria,Chlorophyte,"Coccoid Greens, Desmids, etc."
Planctosphaeria sp,Planctosphaeria,Chlorophyte,"Coccoid Greens, Desmids, etc."
Planktospaeria alsus,Planktospaeria,Chlorophyte,"Coccoid Greens, Desmids, etc."
Planktospaeria cf geltinosa,Planktospaeria,Chlorophyte,"Coccoid Greens, Desmids, etc."
Planktosphaeria,Planktosphaeria,Chlorophyte,"Coccoid Greens, Desmids, etc."
Polytoma sp,Polytoma,Chlorophyte,"Coccoid Greens, Desmids, etc."
Polytomella,Polytomella,Chlorophyte,"Coccoid Greens, Desmids, etc."
Pyramimonas,Pyramimonas,Chlorophyte,"Coccoid Greens, Desmids, etc."
Scenedesmus acunae,Scenedesmus,Chlorophyte,"Coccoid Greens, Desmids, etc."
Scenedesmus acutiformis,Scenedesmus,Chlorophyte,"Coccoid Greens, Desmids, etc."
Scenedesmus bicaudatus,Scenedesmus,Chlorophyte,"Coccoid Greens, Desmids, etc."
Scenedesmus ecornis,Scenedesmus,Chlorophyte,"Coccoid Greens, Desmids, etc."
Scenedesmus quadricuada,Scenedesmus,Chlorophyte,"Coccoid Greens, Desmids, etc."
Scenedesmus sp,Scenedesmus,Chlorophyte,"Coccoid Greens, Desmids, etc."
Scenedesmus sp 1,Scenedesmus,Chlorophyte,"Coccoid Greens, Desmids, etc."
Scenedesmus sp 2,Scenedesmus,Chlorophyte,"Coccoid Greens, Desmids, etc."
Scenedesmus sp 3,Scenedesmus,Chlorophyte,"Coccoid Greens, Desmids, etc."
Scenedesums acuminatus,Scenedesums,Chlorophyte,"Coccoid Greens, Desmids, etc."
Scourfieldia,Scourfieldia,Chlorophyte,"Coccoid Greens, Desmids, etc."
Selenastrum minutum,Selenastrum,Chlorophyte,"Coccoid Greens, Desmids, etc."
Sphaerocystis schroeteri,Sphaerocystis,Chlorophyte,"Coccoid Greens, Desmids, etc."
Sphaerocystis sp,Sphaerocystis,Chlorophyte,"Coccoid Greens, Desmids, etc."
Spondylosium sp,Spondylosium,Chlorophyte,"Coccoid Greens, Desmids, etc."
Staurastrum sp,Staurastrum,Chlorophyte,"Coccoid Greens, Desmids, etc."
Staurodesmus sp,Staurodesmus,Chlorophyte,"coccoid Greens, Desmids, etc."
Stichococcus minutissimus,Stichococcus,Chlorophyte,"Coccoid Greens, Desmids, etc."
Tetraedron,Tetraedron,Chlorophyte,"Coccoid Greens, Desmids, etc."
Tetraedron sp,Tetraedron,Chlorophyte,"Coccoid Greens, Desmids, etc."
Tetraspora lacustris,Tetraspora,Chlorophyte,"Coccoid Greens, Desmids, etc."
Tetraspora lemmermanii,Tetraspora,Chlorophyte,"Coccoid Greens, Desmids, etc."
Tetraspora sp,Tetraspora,Chlorophyte,"Coccoid Greens, Desmids, etc."
Tetrastrum,Tetrastrum,Chlorophyte,"Coccoid Greens, Desmids, etc."
Ulothrix,Ulothrix,Chlorophyte,"Coccoid Greens, Desmids, etc."
unknown Chlorophyte colony,"Chlorophyte,",Chlorophyte,"Coccoid Greens, Desmids, etc."
unknown Chlorophyte filament,"Chlorophyte,",Chlorophyte,"Coccoid Greens, Desmids, etc."
unknown Chlorophyte sp,"Chlorophyte,",Chlorophyte,"Coccoid Greens, Desmids, etc."
unknown Chrysophyte sp,"Chlorophyte,",Chlorophyte,"Coccoid Greens, Desmids, etc."
"unknown Chrysophyte, epiphytic cluster","Chlorophyte,",Chlorophyte,"Coccoid Greens, Desmids, etc."
Volvox,Volvox,Chlorophyte,"Coccoid Greens, Desmids, etc."
Gyromitus,Gyromitus,"Chlorophyte, Chryso- & Cryptophyte","Coccoid Greens, Desmids, etc., Flagellates"
Gyromitus sp,Gyromitus,"Chlorophyte, Chryso- & Cryptophyte","Coccoid Greens, Desmids, etc., Flagellates"
Salpingoeca frequentissima,Salpingoeca,Choanoflagelletea,Choanoflagellates
Salpingoeca minuta,Salpingoeca,Choanoflagelletea,Choanoflagellates
Salpingoeca sp,Salpingoeca,Choanoflagelletea,Choanoflagellates
Salpingoeca sp 1,Salpingoeca,Choanoflagelletea,Choanoflagellates
Chrysidiastrum,Chrysidiastrum,Chryso- & Cryptophyceae,Flagellates
Chrysoikos sp,Chrysoikos,Chryso- & Cryptophyceae,Flagellates
Chrysosphaerella sp,Chrysosphaerella,Chryso- & Cryptophyceae,Flagellates
Kephropsis,Kephropsis,Chryso- & Cryptophyceae,Flagellates
Pseudanabaena sp,Pseudanabaena,chryso- & cryptophyte,Flagellates
Chrysomchromulina sp 1,Chrysomchromulina,chryso- & Cryptophyte,Flagellates
unknown Crypotophyte sp,NA,chryso- & Cryptophyte,Flagellates
Boda spp,Boda,Chryso- & Cryptophyte,Flagellates
Chilomonas sp,Chilomonas,Chryso- & Cryptophyte,Flagellates
Chromunlina sp 4,Chromunlina,Chryso- & Cryptophyte,Flagellates
Chryptomonas erosa var 2,Chryptomonas,Chryso- & Cryptophyte,Flagellates
Chryptomonas sp,Chryptomonas,Chryso- & Cryptophyte,Flagellates
Chryptomonas sp4,Chryptomonas,Chryso- & Cryptophyte,Flagellates
Chrysococcus,Chrysococcus,Chryso- & Cryptophyte,Flagellates
Chrysolykos planctonica,Chrysolykos,Chryso- & Cryptophyte,Flagellates
Chrysolykos sp,Chrysolykos,Chryso- & Cryptophyte,Flagellates
Codonomonas sp,Codonomonas,Chryso- & Cryptophyte,Flagellates
Cryptomonas caudata,Cryptomonas,Chryso- & Cryptophyte,Flagellates
Cryptomonas curvata,Cryptomonas,Chryso- & Cryptophyte,Flagellates
Cryptomonas erosa,Cryptomonas,Chryso- & Cryptophyte,Flagellates
Cryptomonas erosa var reflexa,Cryptomonas,Chryso- & Cryptophyte,Flagellates
Cryptomonas marsonii,Cryptomonas,Chryso- & Cryptophyte,Flagellates
Cryptomonas ovata,Cryptomonas,Chryso- & Cryptophyte,Flagellates
Cryptomonas phaseolus,Cryptomonas,Chryso- & Cryptophyte,Flagellates
Cryptomonas pusilla,Cryptomonas,Chryso- & Cryptophyte,Flagellates
Cryptomonas reflexa,Cryptomonas,Chryso- & Cryptophyte,Flagellates
Cryptomonas reflexa var 2,Cryptomonas,Chryso- & Cryptophyte,Flagellates
Cryptomonas rostratus,Cryptomonas,Chryso- & Cryptophyte,Flagellates
Cryptomonas sp,Cryptomonas,Chryso- & Cryptophyte,Flagellates
Cryptomonas sp (large),Cryptomonas,Chryso- & Cryptophyte,Flagellates
Cryptomonas sp (medium),Cryptomonas,Chryso- & Cryptophyte,Flagellates
Cryptomonas sp (small),Cryptomonas,Chryso- & Cryptophyte,Flagellates
Cryptomonas sp 2,Cryptomonas,Chryso- & Cryptophyte,Flagellates
Cryptomonas sp 3,Cryptomonas,Chryso- & Cryptophyte,Flagellates
Cryptomonas sp 4,Cryptomonas,Chryso- & Cryptophyte,Flagellates
Cryptomonas sp 5,Cryptomonas,Chryso- & Cryptophyte,Flagellates
Cryptomonas sp 7,Cryptomonas,Chryso- & Cryptophyte,Flagellates
Cryptomonas sp 8,Cryptomonas,Chryso- & Cryptophyte,Flagellates
cyanophyte filament (sp1),cyanophyte,Chryso- & Cryptophyte,Flagellates
cyanophyte filament (sp2),cyanophyte,Chryso- & Cryptophyte,Flagellates
cyanoprokaryote filament,cyanoprokaryote,Chryso- & Cryptophyte,Flagellates
Dinobryron divergens,Dinobryron,Chryso- & Cryptophyte,Flagellates
Dinobyrom bavaricum form,Dinobyrom,Chryso- & Cryptophyte,Flagellates
Dinobyron (epiphytic),Dinobyron,Chryso- & Cryptophyte,Flagellates
Dinobyron bavaricum,Dinobyron,Chryso- & Cryptophyte,Flagellates
Dinobyron crenulatum,Dinobyron,Chryso- & Cryptophyte,Flagellates
Dinobyron cylindrica,Dinobyron,Chryso- & Cryptophyte,Flagellates
Dinobyron dilatatum,Dinobyron,Chryso- & Cryptophyte,Flagellates
Dinobyron monads,Dinobyron,Chryso- & Cryptophyte,Flagellates
Dinobyron sociale,Dinobyron,Chryso- & Cryptophyte,Flagellates
Dinobyron sociale var stipitatum,Dinobyron,Chryso- & Cryptophyte,Flagellates
Dinobyron socialis,Dinobyron,Chryso- & Cryptophyte,Flagellates
Dinobyron sp,Dinobyron,Chryso- & Cryptophyte,Flagellates
Dinobyron sp 1,Dinobyron,Chryso- & Cryptophyte,Flagellates
Dinobyron sp 2,Dinobyron,Chryso- & Cryptophyte,Flagellates
Dinobyron sp 3,Dinobyron,Chryso- & Cryptophyte,Flagellates
Dinobyron sp 4,Dinobyron,Chryso- & Cryptophyte,Flagellates
Dinobyron sp 9,Dinobyron,Chryso- & Cryptophyte,Flagellates
"Dinoybyron monad, large",Dinoybyron,Chryso- & Cryptophyte,Flagellates
Isthmochloron,Isthmochloron,Chryso- & Cryptophyte,Flagellates
Kathablepharis ovata,Kathablepharis,Chryso- & Cryptophyte,Flagellates
Kathablepharis sp,Kathablepharis,Chryso- & Cryptophyte,Flagellates
Kathablepharis sp 1,Kathablepharis,Chryso- & Cryptophyte,Flagellates
Kephyriopsis sp,Kephyriopsis,Chryso- & Cryptophyte,Flagellates
Komma sp,Komma,Chryso- & Cryptophyte,Flagellates
Rhizochrysis,Rhizochrysis,Chryso- & Cryptophyte,Flagellates
Rhodomonas minuta,Rhodomonas,Chryso- & Cryptophyte,Flagellates
Rhodomonas minuta var nanoplanktonica,Rhodomonas,Chryso- & Cryptophyte,Flagellates
Rhodomonas sp,Rhodomonas,Chryso- & Cryptophyte,Flagellates
Rhodomonas sp3,Rhodomonas,Chryso- & Cryptophyte,Flagellates
Spiniferomonas cornutus,Spiniferomonas,Chryso- & Cryptophyte,Flagellates
Stelexomonas dichotoma,Stelexomonas,Chryso- & Cryptophyte,Flagellates
"Stelexomonas dichotoma, single cells or monads",Stelexomonas,Chryso- & Cryptophyte,Flagellates
Synura,Synura,Chryso- & Cryptophyte,Flagellates
Synura sp,Synura,Chryso- & Cryptophyte,Flagellates
Synura sp 1,Synura,Chryso- & Cryptophyte,Flagellates
"Synura sp 3, single cells",Synura,Chryso- & Cryptophyte,Flagellates
"Synura sp, single cells",Synura,Chryso- & Cryptophyte,Flagellates
"Synura ulvella, single cells",Synura,Chryso- & Cryptophyte,Flagellates
Uroglena sp,Uroglena,Chryso- & Cryptophyte,Flagellates
Uroglena sp (colony),Uroglena,Chryso- & Cryptophyte,Flagellates
Trachelomonas,Trachelomonas,"Chryso- & Cryptophyte, Chlorophyte",Flagellates
Trachelomonas sp,Trachelomonas,"Chryso- & Cryptophyte, Chlorophyte",Flagellates
Bitrichia chodatii,Bitrichia,"Chryso- & Cryptophyte, Chryso-cryptophyte",Flagellates
Bitrichia sp,Bitrichia,"Chryso- & Cryptophyte, Chryso-cryptophyte",Flagellates
Bitrichia sp4,Bitrichia,"Chryso- & Cryptophyte, Chryso-cryptophyte",Flagellates
Chromulina sp,Chromulina,"Chryso- & Cryptophyte, Chryso-cryptophyte",Flagellates
Chromulina sp 1,Chromulina,"Chryso- & Cryptophyte, Chryso-cryptophyte",Flagellates
Chromulina sp 2,Chromulina,"Chryso- & Cryptophyte, Chryso-cryptophyte",Flagellates
Chromulina sp 3,Chromulina,"Chryso- & Cryptophyte, Chryso-cryptophyte",Flagellates
Chromulina sp1,Chromulina,"Chryso- & Cryptophyte, Chryso-cryptophyte",Flagellates
Chroomonas acuta,Chroomonas,"Chryso- & Cryptophyte, Chryso-cryptophyte",Flagellates
Chroomonas acuta var1,Chroomonas,"Chryso- & Cryptophyte, Chryso-cryptophyte",Flagellates
Chroomonas sp,Chroomonas,"Chryso- & Cryptophyte, Chryso-cryptophyte",Flagellates
Chrysochromulina sp,Chrysochromulina,"Chryso- & Cryptophyte, Chryso-cryptophyte",Flagellates
Dinobryon sociale var americana,Dinobryon,"Chryso- & Cryptophyte, Chryso-cryptophyte",Flagellates
Dinobryon sociale var americanum,Dinobryon,"Chryso- & Cryptophyte, Chryso-cryptophyte",Flagellates
Dinobryon sp,Dinobryon,"Chryso- & Cryptophyte, Chryso-cryptophyte",Flagellates
Dinobryon sp (large),Dinobryon,"Chryso- & Cryptophyte, Chryso-cryptophyte",Flagellates
Dinobryon sp (medium),Dinobryon,"Chryso- & Cryptophyte, Chryso-cryptophyte",Flagellates
Dinobryon sp (small),Dinobryon,"Chryso- & Cryptophyte, Chryso-cryptophyte",Flagellates
Dinobryon sp2,Dinobryon,"Chryso- & Cryptophyte, Chryso-cryptophyte",Flagellates
Dinobryon sp5,Dinobryon,"Chryso- & Cryptophyte, Chryso-cryptophyte",Flagellates
Dinobryon suecicum var longispinum,Dinobryon,"Chryso- & Cryptophyte, Chryso-cryptophyte",Flagellates
Kephyrion doliolum,Kephyrion,"Chryso- & Cryptophyte, Chryso-cryptophyte",Flagellates
Kephyrion ovum,Kephyrion,"Chryso- & Cryptophyte, Chryso-cryptophyte",Flagellates
Kephyrion sp,Kephyrion,"Chryso- & Cryptophyte, Chryso-cryptophyte",Flagellates
Kephyrion sp 1,Kephyrion,"Chryso- & Cryptophyte, Chryso-cryptophyte",Flagellates
Kephyrion sp 13,Kephyrion,"Chryso- & Cryptophyte, Chryso-cryptophyte",Flagellates
Kephyrion sp 17,Kephyrion,"Chryso- & Cryptophyte, Chryso-cryptophyte",Flagellates
Kephyrion sp 2,Kephyrion,"Chryso- & Cryptophyte, Chryso-cryptophyte",Flagellates
Kephyrion sp 3,Kephyrion,"Chryso- & Cryptophyte, Chryso-cryptophyte",Flagellates
Kephyrion sp 4,Kephyrion,"Chryso- & Cryptophyte, Chryso-cryptophyte",Flagellates
Kephyrion sp 5,Kephyrion,"Chryso- & Cryptophyte, Chryso-cryptophyte",Flagellates
Kephyrion sp 6,Kephyrion,"Chryso- & Cryptophyte, Chryso-cryptophyte",Flagellates
Kephyrion sp1,Kephyrion,"Chryso- & Cryptophyte, Chryso-cryptophyte",Flagellates
Mallomonas cf crassisquama,Mallomonas,"Chryso- & Cryptophyte, Chryso-cryptophyte",Flagellates
Mallomonas elongata,Mallomonas,"Chryso- & Cryptophyte, Chryso-cryptophyte",Flagellates
Mallomonas pseudocornata,Mallomonas,"Chryso- & Cryptophyte, Chryso-cryptophyte",Flagellates
Mallomonas sp,Mallomonas,"Chryso- & Cryptophyte, Chryso-cryptophyte",Flagellates
Mallomonas sp (medium),Mallomonas,"Chryso- & Cryptophyte, Chryso-cryptophyte",Flagellates
Mallomonas sp (small),Mallomonas,"Chryso- & Cryptophyte, Chryso-cryptophyte",Flagellates
Mallomonas sp 1,Mallomonas,"Chryso- & Cryptophyte, Chryso-cryptophyte",Flagellates
Mallomonas sp 2,Mallomonas,"Chryso- & Cryptophyte, Chryso-cryptophyte",Flagellates
Mallomonas sp 3,Mallomonas,"Chryso- & Cryptophyte, Chryso-cryptophyte",Flagellates
Mallomonas sp 4,Mallomonas,"Chryso- & Cryptophyte, Chryso-cryptophyte",Flagellates
Mallomonas sp 5,Mallomonas,"Chryso- & Cryptophyte, Chryso-cryptophyte",Flagellates
Mallomonas sp 7,Mallomonas,"Chryso- & Cryptophyte, Chryso-cryptophyte",Flagellates
Mallomonas sp2,Mallomonas,"Chryso- & Cryptophyte, Chryso-cryptophyte",Flagellates
Mallomonas sp6,Mallomonas,"Chryso- & Cryptophyte, Chryso-cryptophyte",Flagellates
Ochromonas sp,Ochromonas,"Chryso- & Cryptophyte, Chryso-cryptophyte",Flagellates
Ochromonas sp 1,Ochromonas,"Chryso- & Cryptophyte, Chryso-cryptophyte",Flagellates
Ochromonas sp 10,Ochromonas,"Chryso- & Cryptophyte, Chryso-cryptophyte",Flagellates
Ochromonas sp 2,Ochromonas,"Chryso- & Cryptophyte, Chryso-cryptophyte",Flagellates
Ochromonas sp 3,Ochromonas,"Chryso- & Cryptophyte, Chryso-cryptophyte",Flagellates
Ochromonas sp 4,Ochromonas,"Chryso- & Cryptophyte, Chryso-cryptophyte",Flagellates
Ochromonas sp 5,Ochromonas,"Chryso- & Cryptophyte, Chryso-cryptophyte",Flagellates
Ochromonas sp 6,Ochromonas,"Chryso- & Cryptophyte, Chryso-cryptophyte",Flagellates
Ochromonas sp 7,Ochromonas,"Chryso- & Cryptophyte, Chryso-cryptophyte",Flagellates
Ochromonas sp 8,Ochromonas,"Chryso- & Cryptophyte, Chryso-cryptophyte",Flagellates
Ochromonas sp 9,Ochromonas,"Chryso- & Cryptophyte, Chryso-cryptophyte",Flagellates
Pseudokephrion sp,Pseudokephrion,"Chryso- & Cryptophyte, Chryso-cryptophyte",Flagellates
Small microflagellates,Small,"Chryso- & Cryptophyte, Chryso-cryptophyte",Flagellates
Aulamonas purdyi,Aulamonas,Chrysophyta,Flagellates
Codosiga botrytis,Codosiga,Chrysophyta,Flagellates
Skeletonema potamos,Skeletonema,"Chrysophyta, Bacillariophyta","Flagellates, Diatoms"
Surirella linearis,Surirella,chrysophyte,Flagellates
"Surirella sp 3, single cells",Surirella,chrysophyte,Flagellates
unknown cell with lorica,NA,chrysophyte,Flagellates
unknown cell with neck and lorica,NA,chrysophyte,Flagellates
unknown epiphyte,NA,chrysophyte,Flagellates
"Unkown cell in a 'cup"" (unattached)",NA,chrysophyte,Flagellates
unkown Crysophyta sp,NA,chrysophyte,Flagellates
Chlamydocapsa,Chlamydocapsa,Chrysophyte,Flagellates
Chrysamoeba sp,Chrysamoeba,Chrysophyte,Flagellates
Desmarella moniliformis,Desmarella,Chrysophyte,Flagellates
Desmarella pyriforme,Desmarella,Chrysophyte,Flagellates
"Desmarella pyriforme, single cells",Desmarella,Chrysophyte,Flagellates
Desmarella sp,Desmarella,Chrysophyte,Flagellates
Crytomonas pusilla,Crytomonas,Cryptophyte,Flagellates
Gleocapsa sp,Gleocapsa,cyanobacteria,NA
unknown monad,NA,cyanobacteria,NA
Aphanocapsa sp,Aphanocapsa,Cyanobacteria,NA
Woronichinia sp,Woronichinia,Cyanobacteria,NA
Anabaena circinalis,Anabaena,Cyanophyte,Blue-greens
Anabaena flos-aquae,Anabaena,Cyanophyte,Blue-greens
Anabaena lemmermanii,Anabaena,Cyanophyte,Blue-greens
Anabaena sp,Anabaena,Cyanophyte,Blue-greens
Anabaena sp 1,Anabaena,Cyanophyte,Blue-greens
Anabaenopsis sp,Anabaenopsis,Cyanophyte,Blue-greens
Aphanizomenon  sp,Aphanizomenon,Cyanophyte,Blue-greens
Aphanothecae sp,Aphanothecae,Cyanophyte,Blue-greens
Aphanothece minutissimus,Aphanothece,Cyanophyte,Blue-greens
Chroococcus sp,Chroococcus,Cyanophyte,Blue-greens
Chroococcus sp (cells),Chroococcus,Cyanophyte,Blue-greens
Chroococcus sp 1 (cf C limnetica or RMOC C sp 5),Chroococcus,Cyanophyte,Blue-greens
Chroococcus sp 5,Chroococcus,Cyanophyte,Blue-greens
Chroococus sp,Chroococus,Cyanophyte,Blue-greens
Coelosphaeria sp,Coelosphaeria,Cyanophyte,Blue-greens
Gomphosphaeria sp,Gomphosphaeria,Cyanophyte,Blue-greens
Gomphosphaeria sp (colony),Gomphosphaeria,Cyanophyte,Blue-greens
Limnothrix redekei,Limnothrix,Cyanophyte,Blue-greens
Limnothrix redekei (cells),Limnothrix,Cyanophyte,Blue-greens
Limnothrix sp,Limnothrix,Cyanophyte,Blue-greens
Lyngbya sp,Lyngbya,Cyanophyte,Blue-greens
Merismopedia sp,Merismopedia,Cyanophyte,Blue-greens
Merismopedia sp (cells),Merismopedia,Cyanophyte,Blue-greens
Microcystis sp,Microcystis,Cyanophyte,Blue-greens
Microcystis sp (cells),Microcystis,Cyanophyte,Blue-greens
Oscillatoria limnetica,Oscillatoria,Cyanophyte,Blue-greens
Oscillatoria sp,Oscillatoria,Cyanophyte,Blue-greens
Oscillatoria sp2,Oscillatoria,Cyanophyte,Blue-greens
Planktolyngbya sp,Planktolyngbya,Cyanophyte,Blue-greens
Planktothrix agardhii,Planktothrix,Cyanophyte,Blue-greens
Planktothrix rubescens,Planktothrix,Cyanophyte,Blue-greens
Planktothrix sp,Planktothrix,Cyanophyte,Blue-greens
Pseudoanabaena sp,Pseudoanabaena,Cyanophyte,Blue-greens
Raphidiopsis,Raphidiopsis,Cyanophyte,Blue-greens
Synechococcus sp (<2 um),Synechococcus,Cyanophyte,Blue-greens
Synechococcus sp (coccoid),Synechococcus,Cyanophyte,Blue-greens
Synechococcus sp (rod),Synechococcus,Cyanophyte,Blue-greens
Synechocystis,Synechocystis,Cyanophyte,Blue-greens
Amphidinium,Amphidinium,Dinophyte,Dinoflagellates
Ceratium,Ceratium,Dinophyte,Dinoflagellates
Ceratium hirundinella,Ceratium,Dinophyte,Dinoflagellates
Gymnodinium cf helveticum (sp 3),Gymnodinium,Dinophyte,Dinoflagellates
Gymnodinium cinctum,Gymnodinium,Dinophyte,Dinoflagellates
Gymnodinium helveticum,Gymnodinium,Dinophyte,Dinoflagellates
Gymnodinium ordinatum,Gymnodinium,Dinophyte,Dinoflagellates
Gymnodinium sp,Gymnodinium,Dinophyte,Dinoflagellates
Gymnodinium sp (large),Gymnodinium,Dinophyte,Dinoflagellates
Gymnodinium sp (medium),Gymnodinium,Dinophyte,Dinoflagellates
Gymnodinium sp (small),Gymnodinium,Dinophyte,Dinoflagellates
Gymnodinium sp 1,Gymnodinium,Dinophyte,Dinoflagellates
Gymnodinium sp 2,Gymnodinium,Dinophyte,Dinoflagellates
Gymnodinium sp 4,Gymnodinium,Dinophyte,Dinoflagellates
Gymnodinium sp 5,Gymnodinium,Dinophyte,Dinoflagellates
Gymnodinium sp1,Gymnodinium,Dinophyte,Dinoflagellates
Gymnodinium sp2,Gymnodinium,Dinophyte,Dinoflagellates
Gymnodinium varians,Gymnodinium,Dinophyte,Dinoflagellates
Peridinium cinctum,Peridinium,Dinophyte,Dinoflagellates
Peridinium sp,Peridinium,Dinophyte,Dinoflagellates
Peridinium sp 1,Peridinium,Dinophyte,Dinoflagellates
Peridinium sp 2,Peridinium,Dinophyte,Dinoflagellates
Peridinium sp 3,Peridinium,Dinophyte,Dinoflagellates
Peridinium sp1,Peridinium,Dinophyte,Dinoflagellates
Peridinium sp2,Peridinium,Dinophyte,Dinoflagellates
Peridinium sp4,Peridinium,Dinophyte,Dinoflagellates
Peridinium spp,Peridinium,Dinophyte,Dinoflagellates
Peridinium umbonatum,Peridinium,Dinophyte,Dinoflagellates
Aphanothece sp,Aphanothece,"Cyanobacteria, Cyanophyte",Blue-greens
Aulacoseira sp,Aulacoseira,"Bacillariophyta, Bacillariophyte",Diatoms
Bicoeca cylindrica,Bicoeca,Chrysophyta,NA
Chlamydomonas snowiae,Chlamydomonas,"Chlorophyta, Chrysophyta, Chlorophyte","Coccoid Greens, Desmids, etc."
Chlamydomonas sp8,Chlamydomonas,"Chlorophyta, Chrysophyta, Chlorophyte","Coccoid Greens, Desmids, etc."
Chlamydomonas sphagnicola,Chlamydomonas,"Chlorophyta, Chrysophyta, Chlorophyte","Coccoid Greens, Desmids, etc."
Chroococcus cf limnetica,Chroococcus,"Pyrrhophyta, Cyanobacteria, Chlorophyta, Cyanophyte",Blue-greens
Chroomonas sp small,Chroomonas,"Cryptophyta, Bacillariophyta, Chryso-cryptophyte, Chryso- & Cryptophyte",Flagellates
Coenocystic sp,Coenocystic,Bacillariophyta,NA
Cosmarium cf bipunctatum,Cosmarium,"Chlorophyta, Bacillariophyta, Chrysophyta, Pyrrhophyta, Chlorophyte","Coccoid Greens, Desmids, etc."
Crucigenia quadrata,Crucigenia,"Chlorophyta, Chlorophyte","Coccoid Greens, Desmids, etc."
Cryptomonas tenuis,Cryptomonas,"Cryptophyta, Chrysophyta, Chryso- & Cryptophyte",Flagellates
Cyclotella sp 5,Cyclotella,"Bacillariophyta, Chlorophyta, Bacillariophyte",Diatoms
Cyclotella sp 6,Cyclotella,"Bacillariophyta, Chlorophyta, Bacillariophyte",Diatoms
Cymbella affinis,Cymbella,"Bacillariophyta, Chrysophyta, Bacillariophyte",Diatoms
Diatoma heimale,Diatoma,"Chlorophyta, Bacillariophyta, Bacillariophyte",Diatoms
Diatoma sp 1,Diatoma,"Chlorophyta, Bacillariophyta, Bacillariophyte",Diatoms
Dinobyron sertularia,Dinobyron,"Chrysophyta, Bacillariophyta, Chlorophyta, Euglenophyta",NA
Euglena cf hemichromata,Euglena,"Euglenophyta, Bacillariophyta, Chlorophyte","Coccoid Greens, Desmids, etc."
Eunotia exigua,Eunotia,"Bacillariophyta, Chrysophyta, Bacillariophyte",Diatoms
Eutetramorus sp,Eutetramorus,Chlorophyta,NA
Fragilaria intermedia,Fragilaria,"Bacillariophyta, Bacillariophyte",Diatoms
Gomphonemas sp girdle view,Gomphonemas,Bacillariophyta,NA
Gomphosphaeria sp (cells),Gomphosphaeria,Cyanophyte,Blue-greens
Gymnodinium sp 9,Gymnodinium,"Pyrrophyta, Pyrrhophyta, Cryptophyta, Chrysophyta, Dinophyte",Dinoflagellates
Hannea sp,Hannea,"Bacillariophyta, Bacillariophyte",Diatoms
Kirchneriella irregularis,Kirchneriella,"Bacillariophyta, Chlorophyta, Cyanobacteria",NA
Kirchneriella lunaris,Kirchneriella,"Bacillariophyta, Chlorophyta, Cyanobacteria",NA
langerheimia cf contorta,langerheimia,Chlorophyta,NA
Mallomonas akrokomas,Mallomonas,"Chrysophyta, Chlorophyta, Chryso-cryptophyte, Chryso- & Cryptophyte",Flagellates
Mallomonas monad,Mallomonas,"Chrysophyta, Chlorophyta, Chryso-cryptophyte, Chryso- & Cryptophyte",Flagellates
Mallomonas tonsurata,Mallomonas,"Chrysophyta, Chlorophyta, Chryso-cryptophyte, Chryso- & Cryptophyte",Flagellates
Microcystis flos-aquae,Microcystis,"Cyanobacteria, Cyanophyte",Blue-greens
Microcystis sp 1,Microcystis,"Cyanobacteria, Cyanophyte",Blue-greens
Navicula Cryptocephala,Navicula,"Bacillariophyta, Bacillariophyte",Diatoms
Nephrocytium agardhianum,Nephrocytium,"Chlorophyta, Chlorophyte","Coccoid Greens, Desmids, etc."
Nitzschia cf sigmoidea,Nitzschia,"Bacillariophyta, Bacillariophyte",Diatoms
Nitzschia frustulum,Nitzschia,"Bacillariophyta, Bacillariophyte",Diatoms
"Nitzschia palea, large",Nitzschia,"Bacillariophyta, Bacillariophyte",Diatoms
Oocystis cf elliptica,Oocystis,"Chlorophyta, Chlorophyte","Coccoid Greens, Desmids, etc."
Oocystis lacustris,Oocystis,"Chlorophyta, Chlorophyte","Coccoid Greens, Desmids, etc."
Pediastrum sp (medium),Pediastrum,"Cyanobacteria, Chlorophyte","Coccoid Greens, Desmids, etc."
Phacus sp 1,Phacus,"Euglenophyta, Chlorophyte","Coccoid Greens, Desmids, etc."
Pinnularia sp (large),Pinnularia,Bacillariophyte,Diatoms
Rhizololenia monad,Rhizololenia,Bacillariophyta,NA
Scenedesmus acutum,Scenedesmus,"Chlorophyta, Chlorophyte","Coccoid Greens, Desmids, etc."
Scenedesmus linearis,Scenedesmus,"Chlorophyta, Chlorophyte","Coccoid Greens, Desmids, etc."
Schroederia sp 1,Schroederia,Chlorophyta,NA
Snowella litoralis,Snowella,"Cyanobacteria, Chlorophyta",NA
Snowella sp,Snowella,"Cyanobacteria, Chlorophyta",NA
Spondylosium planum,Spondylosium,"Chlorophyta, Chlorophyte","Coccoid Greens, Desmids, etc."
Staurastum cuspidata,Staurastum,Chlorophyta,NA
Stephanodiscus sp 1,Stephanodiscus,"Bacillariophyta, Chlorophyta, Bacillariophyte",Diatoms
Surirella sp,Surirella,"Bacillariophyta, Chrysophyta, Cyanobacteria",NA
Tetraedron minimum,Tetraedron,"Chlorophyta, Chlorophyte","Coccoid Greens, Desmids, etc."
Thorakochloris sp 1,Thorakochloris,Chlorophyta,NA
"unknown Chlorophyte, colonial, non-flagellate",NA,"Chlorophyta, Chrysophyta, Bacillariophyta, Cyanobacteria",NA
"unknown Chlorophyte, loose cells of GR SP2",NA,"Chlorophyta, Chrysophyta, Bacillariophyta, Cyanobacteria",NA
"unknown single cell chlorophtye, flagellate",NA,"Chlorophyta, Chrysophyta, Bacillariophyta, Cyanobacteria",NA
Unkown cell in a cup (unattached),NA,"Chlorophyta, Chrysophyta, Bacillariophyta, Cyanobacteria",NA
